,Survived,Pclass,Sex,Age,Fare,Embarked,NameLength,Title,Family_size,Alone,Deck,FamilyBin
0,0,3,1,22.0,7.25,2,23,2,2,0,8,2
1,1,1,0,38.0,71.2833,0,51,3,2,0,2,2
2,1,3,0,26.0,7.925,2,22,1,1,1,8,1
3,1,1,0,35.0,53.1,2,44,3,2,0,2,2
4,0,3,1,35.0,8.05,2,24,2,1,1,8,1
5,0,3,1,35.2187222944,8.4583,1,16,2,1,1,8,1
6,0,1,1,54.0,51.8625,2,23,2,1,1,4,1
7,0,3,1,2.0,21.075,2,30,0,5,0,8,0
8,1,3,0,27.0,11.1333,2,49,3,3,0,8,2
9,1,2,0,14.0,30.0708,0,35,3,2,0,8,2
10,1,3,0,4.0,16.7,2,31,1,3,0,6,2
11,1,1,0,58.0,26.55,2,24,1,1,1,2,1
12,0,3,1,20.0,8.05,2,30,2,1,1,8,1
13,0,3,1,39.0,31.275,2,27,2,7,0,8,0
14,0,3,0,14.0,7.8542,2,36,1,1,1,8,1
15,1,2,0,55.0,16.0,2,32,3,1,1,8,1
16,0,3,1,2.0,29.125,1,20,0,6,0,8,0
17,1,2,1,31.99741245,13.0,2,28,2,1,1,8,1
18,0,3,0,31.0,18.0,2,55,3,2,0,8,2
19,1,3,0,37.6748380952,7.225,0,23,3,1,1,8,1
20,0,2,1,35.0,26.0,2,20,2,1,1,8,1
21,1,2,1,34.0,13.0,2,21,2,1,1,3,1
22,1,3,0,15.0,8.0292,1,27,1,1,1,8,1
23,1,1,1,28.0,35.5,2,28,2,1,1,0,1
24,0,3,0,8.0,21.075,2,29,1,5,0,8,0
25,1,3,0,38.0,31.3875,2,57,3,7,0,8,0
26,0,3,1,28.4076505952,7.225,0,23,2,1,1,8,1
27,0,1,1,19.0,263.0,2,30,2,6,0,2,0
28,1,3,0,18.39125,7.8792,1,29,1,1,1,8,1
29,0,3,1,32.9542940476,7.8958,2,19,2,1,1,8,1
30,0,1,1,40.0,27.7208,0,24,4,1,1,8,1
31,1,1,0,41.564,146.5208,0,46,3,2,0,1,2
32,1,3,0,18.261,7.75,1,24,1,1,1,8,1
33,0,2,1,66.0,10.5,2,21,2,1,1,8,1
34,0,1,1,28.0,82.1708,0,23,2,2,0,8,2
35,0,1,1,42.0,52.0,2,30,2,2,0,8,2
36,1,3,1,29.1952291667,7.2292,0,16,2,1,1,8,1
37,0,3,1,21.0,8.05,2,24,2,1,1,8,1
38,0,3,0,18.0,18.0,2,34,1,3,0,8,2
39,1,3,0,14.0,11.2417,0,27,1,2,0,8,2
40,0,3,0,40.0,9.475,2,46,3,2,0,8,2
41,0,2,0,27.0,21.0,2,56,3,2,0,8,2
42,0,3,1,32.929822619,7.8958,0,19,2,1,1,8,1
43,1,2,0,3.0,41.5792,0,40,1,4,0,8,2
44,1,3,0,19.0,7.8792,1,29,1,1,1,8,1
45,0,3,1,30.975823088,8.05,2,24,2,1,1,8,1
46,0,3,1,32.8237583333,15.5,1,17,2,2,0,8,2
47,1,3,0,17.2431071429,7.75,1,25,1,1,1,8,1
48,0,3,1,26.53025,21.6792,0,19,2,3,0,8,2
49,0,3,0,18.0,17.8,2,45,3,2,0,8,2
50,0,3,1,7.0,39.6875,2,26,0,6,0,8,0
51,0,3,1,21.0,7.8,2,28,2,1,1,8,1
52,1,1,0,49.0,76.7292,0,40,3,2,0,3,2
53,1,2,0,29.0,26.0,2,50,3,2,0,8,2
54,0,1,1,65.0,61.9792,0,30,2,2,0,1,2
55,1,1,1,46.643,35.5,2,17,2,1,1,2,1
56,1,2,0,21.0,10.5,2,17,1,1,1,8,1
57,0,3,1,28.5,7.2292,0,19,2,1,1,8,1
58,1,2,0,5.0,27.75,2,28,1,4,0,8,2
59,0,3,1,11.0,46.9,2,34,0,8,0,8,0
60,0,3,1,22.0,7.2292,0,21,2,1,1,8,1
61,1,1,0,38.0,80.0,2,19,1,1,1,1,1
62,0,1,1,45.0,83.475,2,27,2,2,0,2,2
63,0,3,1,4.0,27.9,2,21,0,6,0,8,0
64,0,1,1,46.1258125,27.7208,0,21,2,1,1,8,1
65,1,3,1,4.29309666667,15.2458,0,24,0,3,0,8,2
66,1,2,0,29.0,10.5,2,28,3,1,1,5,1
67,0,3,1,19.0,8.1583,2,24,2,1,1,8,1
68,1,3,0,17.0,7.925,2,31,1,7,0,8,0
69,0,3,1,26.0,8.6625,2,17,2,3,0,8,2
70,0,2,1,32.0,10.5,2,26,2,1,1,8,1
71,0,3,0,16.0,46.9,2,26,1,8,0,8,0
72,0,2,1,21.0,73.5,2,20,2,1,1,8,1
73,0,3,1,26.0,14.4542,0,27,2,2,0,8,2
74,1,3,1,32.0,56.4958,2,13,2,1,1,8,1
75,0,3,1,25.0,7.65,2,23,2,1,1,5,1
76,0,3,1,28.8062688492,7.8958,2,17,2,1,1,8,1
77,0,3,1,30.975823088,8.05,2,24,2,1,1,8,1
78,1,2,1,0.83,29.0,2,29,0,3,0,8,2
79,1,3,0,30.0,12.475,2,24,1,1,1,8,1
80,0,3,1,22.0,9.0,2,20,2,1,1,8,1
81,1,3,1,29.0,9.5,2,27,2,1,1,8,1
82,1,3,0,19.28,7.7875,1,30,1,1,1,8,1
83,0,1,1,28.0,47.1,2,23,2,1,1,8,1
84,1,2,0,17.0,10.5,2,19,1,1,1,8,1
85,1,3,0,33.0,15.85,2,55,3,4,0,8,2
86,0,3,1,16.0,34.375,2,22,2,5,0,8,0
87,0,3,1,26.745714881,8.05,2,29,2,1,1,8,1
88,1,1,0,23.0,263.0,2,26,1,6,0,2,0
89,0,3,1,24.0,8.05,2,22,2,1,1,8,1
90,0,3,1,29.0,8.05,2,20,2,1,1,8,1
91,0,3,1,20.0,7.8542,2,26,2,1,1,8,1
92,0,1,1,46.0,61.175,2,27,2,2,0,4,2
93,0,3,1,26.0,20.575,2,23,2,4,0,8,2
94,0,3,1,59.0,7.25,2,17,2,1,1,8,1
95,0,3,1,22.5330291743,8.05,2,27,2,1,1,8,1
96,0,1,1,71.0,34.6542,0,25,2,1,1,0,1
97,1,1,1,23.0,63.3583,0,31,2,2,0,3,2
98,1,2,0,34.0,23.0,2,36,3,2,0,8,2
99,0,2,1,34.0,26.0,2,17,2,2,0,8,2
100,0,3,0,28.0,7.8958,2,23,1,1,1,8,1
101,0,3,1,30.5915083333,7.8958,2,32,2,1,1,8,1
102,0,1,1,21.0,77.2875,2,25,2,2,0,3,2
103,0,3,1,33.0,8.6542,2,26,2,1,1,8,1
104,0,3,1,37.0,7.925,2,30,2,3,0,8,2
105,0,3,1,28.0,7.8958,2,21,2,1,1,8,1
106,1,3,0,21.0,7.65,2,32,1,1,1,8,1
107,1,3,1,19.8625785714,7.775,2,22,2,1,1,8,1
108,0,3,1,38.0,7.8958,2,15,2,1,1,8,1
109,1,3,0,13.3862083333,24.15,1,19,1,2,0,8,2
110,0,1,1,47.0,52.0,2,30,2,1,1,2,1
111,0,3,0,14.5,14.4542,0,20,1,2,0,8,2
112,0,3,1,22.0,8.05,2,22,2,1,1,8,1
113,0,3,0,20.0,9.825,2,23,1,2,0,8,2
114,0,3,0,17.0,14.4583,0,21,1,1,1,8,1
115,0,3,1,21.0,7.925,2,21,2,1,1,8,1
116,0,3,1,70.5,7.75,1,20,2,1,1,8,1
117,0,2,1,29.0,21.0,2,31,2,2,0,8,2
118,0,1,1,24.0,247.5208,0,24,2,2,0,1,2
119,0,3,0,2.0,31.275,2,33,1,7,0,8,0
120,0,2,1,21.0,73.5,2,27,2,3,0,8,2
121,0,3,1,22.756146833,8.05,2,26,2,1,1,8,1
122,0,2,1,32.5,30.0708,0,20,2,2,0,8,2
123,1,2,0,32.5,13.0,2,19,1,1,1,4,1
124,0,1,1,54.0,77.2875,2,27,2,2,0,3,2
125,1,3,1,12.0,11.2417,0,28,0,2,0,8,2
126,0,3,1,39.35555,7.75,1,19,2,1,1,8,1
127,1,3,1,24.0,7.1417,2,25,2,1,1,8,1
128,1,3,0,5.17087833333,22.3583,0,17,1,3,0,5,2
129,0,3,1,45.0,6.975,2,18,2,1,1,8,1
130,0,3,1,33.0,7.8958,0,20,2,1,1,8,1
131,0,3,1,20.0,7.05,2,30,2,1,1,8,1
132,0,3,0,47.0,14.5,2,46,3,2,0,8,2
133,1,2,0,29.0,26.0,2,45,3,2,0,8,2
134,0,2,1,25.0,13.0,2,30,2,1,1,8,1
135,0,2,1,23.0,15.0458,0,18,2,1,1,8,1
136,1,1,0,19.0,26.2833,2,28,1,3,0,3,2
137,0,1,1,37.0,53.1,2,27,2,2,0,2,2
138,0,3,1,16.0,9.2167,2,19,2,1,1,8,1
139,0,1,1,24.0,79.2,0,18,2,1,1,1,1
140,0,3,0,32.49,15.2458,0,29,3,3,0,8,2
141,1,3,0,22.0,7.75,2,24,1,1,1,8,1
142,1,3,0,24.0,15.85,2,52,3,2,0,8,2
143,0,3,1,19.0,6.75,1,19,2,1,1,8,1
144,0,2,1,18.0,11.5,2,26,2,1,1,8,1
145,0,2,1,19.0,36.75,2,28,2,3,0,8,2
146,1,3,1,27.0,7.7958,2,44,2,1,1,8,1
147,0,3,0,9.0,34.375,2,32,1,5,0,8,0
148,0,2,1,36.5,26.0,2,40,2,3,0,5,2
149,0,2,1,42.0,13.0,2,33,4,1,1,8,1
150,0,2,1,51.0,12.525,2,26,4,1,1,8,1
151,1,1,0,22.0,66.6,2,33,3,2,0,2,2
152,0,3,1,55.5,8.05,2,16,2,1,1,8,1
153,0,3,1,40.5,14.5,2,31,2,3,0,8,2
154,0,3,1,24.0691803571,7.3125,2,21,2,1,1,8,1
155,0,1,1,51.0,61.3792,0,27,2,2,0,8,2
156,1,3,0,16.0,7.7333,1,32,1,1,1,8,1
157,0,3,1,30.0,8.05,2,15,2,1,1,8,1
158,0,3,1,19.6686702381,8.6625,2,19,2,1,1,8,1
159,0,3,1,12.2366583333,69.55,2,26,0,11,0,8,0
160,0,3,1,44.0,16.1,2,24,2,2,0,8,2
161,1,2,0,40.0,15.75,2,50,3,1,1,8,1
162,0,3,1,26.0,7.775,2,26,2,1,1,8,1
163,0,3,1,17.0,8.6625,2,15,2,1,1,8,1
164,0,3,1,1.0,39.6875,2,28,0,6,0,8,0
165,1,3,1,9.0,20.525,2,47,0,3,0,8,2
166,1,1,0,35.894,55.0,2,38,3,2,0,4,2
167,0,3,0,45.0,27.9,2,47,3,6,0,8,0
168,0,1,1,49.9798333333,25.925,2,19,2,1,1,8,1
169,0,3,1,28.0,56.4958,2,13,2,1,1,8,1
170,0,1,1,61.0,33.5,2,25,2,1,1,1,1
171,0,3,1,4.0,29.125,1,20,0,6,0,8,0
172,1,3,0,1.0,11.1333,2,28,1,3,0,8,2
173,0,3,1,21.0,7.925,2,25,2,1,1,8,1
174,0,1,1,56.0,30.6958,0,23,2,1,1,0,1
175,0,3,1,18.0,7.8542,2,22,2,3,0,8,2
176,0,3,1,3.936075,25.4667,2,29,0,5,0,8,0
177,0,1,0,50.0,28.7125,0,26,1,1,1,2,1
178,0,2,1,30.0,13.0,2,18,2,1,1,8,1
179,0,3,1,36.0,0.0,2,19,2,1,1,8,1
180,0,3,0,18.3465666667,69.55,2,28,1,11,0,8,0
181,0,2,1,29.0012083333,15.05,0,16,2,1,1,8,1
182,0,3,1,9.0,31.3875,2,37,0,7,0,8,0
183,1,2,1,1.0,39.0,2,25,0,4,0,5,2
184,1,3,0,4.0,22.025,2,35,1,3,0,8,2
185,0,1,1,41.92,50.0,2,21,2,1,1,0,1
186,1,3,0,30.50525,15.5,1,47,3,2,0,8,2
187,1,1,1,45.0,26.55,2,45,2,1,1,8,1
188,0,3,1,40.0,15.5,1,16,2,3,0,8,2
189,0,3,1,36.0,7.8958,2,19,2,1,1,8,1
190,1,2,0,32.0,13.0,2,19,3,1,1,8,1
191,0,2,1,19.0,13.0,2,21,2,1,1,8,1
192,1,3,0,19.0,7.8542,2,47,1,2,0,8,2
193,1,2,1,3.0,26.0,2,26,0,3,0,5,2
194,1,1,0,44.0,27.7208,0,41,3,1,1,1,1
195,1,1,0,58.0,146.5208,0,20,1,1,1,1,1
196,0,3,1,39.35555,7.75,1,19,2,1,1,8,1
197,0,3,1,42.0,8.4042,2,32,2,2,0,8,2
198,1,3,0,18.90075,7.75,1,32,1,1,1,8,1
199,0,2,0,24.0,13.0,2,38,1,1,1,8,1
200,0,3,1,28.0,9.5,2,30,2,1,1,8,1
201,0,3,1,25.1247416667,69.55,2,19,2,11,0,8,0
202,0,3,1,34.0,6.4958,2,26,2,1,1,8,1
203,0,3,1,45.5,7.225,0,20,2,1,1,8,1
204,1,3,1,18.0,8.05,2,24,2,1,1,8,1
205,0,3,0,2.0,10.4625,2,26,1,2,0,6,2
206,0,3,1,32.0,15.85,2,26,2,2,0,8,2
207,1,3,1,26.0,18.7875,0,27,2,1,1,8,1
208,1,3,0,16.0,7.75,1,25,1,1,1,8,1
209,1,1,1,40.0,31.0,0,16,2,1,1,0,1
210,0,3,1,24.0,7.05,2,14,2,1,1,8,1
211,1,2,0,35.0,21.0,2,26,1,1,1,8,1
212,0,3,1,22.0,7.25,2,22,2,1,1,8,1
213,0,2,1,30.0,13.0,2,27,2,1,1,8,1
214,0,3,1,36.12155,7.75,1,19,2,2,0,8,2
215,1,1,0,31.0,113.275,0,23,1,2,0,3,2
216,1,3,0,27.0,7.925,2,22,1,1,1,8,1
217,0,2,1,42.0,27.0,2,28,2,2,0,8,2
218,1,1,0,32.0,76.2917,0,21,1,1,1,3,1
219,0,2,1,30.0,10.5,2,18,2,1,1,8,1
220,1,3,1,16.0,8.05,2,30,2,1,1,8,1
221,0,2,1,27.0,13.0,2,20,2,1,1,8,1
222,0,3,1,51.0,8.05,2,23,2,1,1,8,1
223,0,3,1,20.5616672619,7.8958,2,20,2,1,1,8,1
224,1,1,1,38.0,90.0,2,28,2,2,0,2,2
225,0,3,1,22.0,9.35,2,28,2,1,1,8,1
226,1,2,1,19.0,10.5,2,25,2,1,1,8,1
227,0,3,1,20.5,7.25,2,31,2,1,1,8,1
228,0,2,1,18.0,13.0,2,25,2,1,1,8,1
229,0,3,0,5.740185,25.4667,2,23,1,5,0,8,0
230,1,1,0,35.0,83.475,2,44,3,2,0,2,2
231,0,3,1,29.0,7.775,2,24,2,1,1,8,1
232,0,2,1,59.0,13.5,2,25,2,1,1,8,1
233,1,3,0,5.0,31.3875,2,30,1,7,0,8,0
234,0,2,1,24.0,10.5,2,33,2,1,1,8,1
235,0,3,0,20.9195,7.55,2,28,1,1,1,8,1
236,0,2,1,44.0,26.0,2,17,2,2,0,8,2
237,1,2,0,8.0,26.25,2,32,1,3,0,8,2
238,0,2,1,19.0,10.5,2,31,2,1,1,8,1
239,0,2,1,33.0,12.275,2,22,2,1,1,8,1
240,0,3,0,16.0221683333,14.4542,0,21,1,2,0,8,2
241,1,3,0,13.229705,15.5,1,30,1,2,0,8,2
242,0,2,1,29.0,10.5,2,31,2,1,1,8,1
243,0,3,1,22.0,7.125,2,29,2,1,1,8,1
244,0,3,1,30.0,7.225,0,20,2,1,1,8,1
245,0,1,1,44.0,90.0,1,27,4,3,0,2,2
246,0,3,0,25.0,7.775,2,37,1,1,1,8,1
247,1,2,0,24.0,14.5,2,31,3,3,0,8,2
248,1,1,1,37.0,52.5542,2,29,2,3,0,3,2
249,0,2,1,54.0,26.0,2,29,4,2,0,8,2
250,0,3,1,22.5146,7.25,2,22,2,1,1,8,1
251,0,3,0,29.0,10.4625,2,42,3,3,0,6,2
252,0,1,1,62.0,26.55,2,25,2,1,1,2,1
253,0,3,1,30.0,16.1,2,24,2,2,0,8,2
254,0,3,0,41.0,20.2125,2,40,3,3,0,8,2
255,1,3,0,29.0,15.2458,0,39,3,3,0,8,2
256,1,1,0,44.568,79.2,0,30,3,1,1,8,1
257,1,1,0,30.0,86.5,2,20,1,1,1,1,1
258,1,1,0,35.0,512.3292,0,16,1,1,1,8,1
259,1,2,0,50.0,26.0,2,27,3,2,0,8,2
260,0,3,1,52.7994369048,7.75,1,17,2,1,1,8,1
261,1,3,1,3.0,31.3875,2,33,0,7,0,8,0
262,0,1,1,52.0,79.65,2,17,2,3,0,4,2
263,0,1,1,40.0,0.0,2,21,2,1,1,1,1
264,0,3,0,26.67075,7.75,1,18,1,1,1,8,1
265,0,2,1,36.0,10.5,2,17,2,1,1,8,1
266,0,3,1,16.0,39.6875,2,25,2,6,0,8,0
267,1,3,1,25.0,7.775,2,24,2,2,0,8,2
268,1,1,0,58.0,153.4625,2,45,3,2,0,2,2
269,1,1,0,35.0,135.6333,2,22,1,1,1,2,1
270,0,1,1,46.2703125,31.0,2,21,2,1,1,8,1
271,1,3,1,25.0,0.0,2,28,2,1,1,8,1
272,1,2,0,41.0,19.5,2,41,3,2,0,8,2
273,0,1,1,37.0,29.7,0,21,2,2,0,2,2
274,1,3,0,17.21725,7.75,1,26,1,1,1,8,1
275,1,1,0,63.0,77.9583,2,33,1,2,0,3,2
276,0,3,0,45.0,7.75,2,33,1,1,1,8,1
277,0,2,1,46.3328214286,0.0,2,27,2,1,1,8,1
278,0,3,1,7.0,29.125,1,18,0,6,0,8,0
279,1,3,0,35.0,20.25,2,32,3,3,0,8,2
280,0,3,1,65.0,7.75,1,16,2,1,1,8,1
281,0,3,1,28.0,7.8542,2,32,2,1,1,8,1
282,0,3,1,16.0,9.5,2,25,2,1,1,8,1
283,1,3,1,19.0,8.05,2,26,2,1,1,8,1
284,0,1,1,54.7415,26.0,2,26,2,1,1,0,1
285,0,3,1,33.0,8.6625,0,19,2,1,1,8,1
286,1,3,1,30.0,9.5,2,23,2,1,1,8,1
287,0,3,1,22.0,7.8958,2,20,2,1,1,8,1
288,1,2,1,42.0,13.0,2,20,2,1,1,8,1
289,1,3,0,22.0,7.75,1,20,1,1,1,8,1
290,1,1,0,26.0,78.85,2,28,1,1,1,8,1
291,1,1,0,19.0,91.0792,0,39,3,2,0,1,2
292,0,2,1,36.0,12.875,0,22,2,1,1,3,1
293,0,3,0,24.0,8.85,2,19,1,1,1,8,1
294,0,3,1,24.0,7.8958,2,16,2,1,1,8,1
295,0,1,1,49.8705,27.7208,0,17,2,1,1,8,1
296,0,3,1,23.5,7.2292,0,18,2,1,1,8,1
297,0,1,0,2.0,151.55,2,28,1,4,0,2,2
298,1,1,1,41.65975,30.5,2,21,2,1,1,2,1
299,1,1,0,50.0,247.5208,0,47,3,2,0,1,2
300,1,3,0,23.5525,7.75,1,40,1,1,1,8,1
301,1,3,1,33.2214833333,23.25,1,18,2,3,0,8,2
302,0,3,1,19.0,0.0,2,31,2,1,1,8,1
303,1,2,0,29.355175,12.35,1,19,1,1,1,4,1
304,0,3,1,29.24275,8.05,2,33,2,1,1,8,1
305,1,1,1,0.92,151.55,2,30,0,4,0,2,2
306,1,1,0,30.4830833333,110.8833,0,23,1,1,1,8,1
307,1,1,0,17.0,108.9,0,82,3,2,0,2,2
308,0,2,1,30.0,24.0,0,19,2,2,0,8,2
309,1,1,0,30.0,56.9292,0,30,1,1,1,4,1
310,1,1,0,24.0,83.1583,0,30,1,1,1,2,1
311,1,1,0,18.0,262.375,0,26,1,5,0,1,0
312,0,2,0,26.0,26.0,2,37,3,3,0,8,2
313,0,3,1,28.0,7.8958,2,22,2,1,1,8,1
314,0,2,1,43.0,26.25,2,18,2,3,0,8,2
315,1,3,0,26.0,7.8542,2,31,1,1,1,8,1
316,1,2,0,24.0,26.0,2,35,3,2,0,8,2
317,0,2,1,54.0,14.0,2,20,4,1,1,8,1
318,1,1,0,31.0,164.8667,2,24,1,3,0,2,2
319,1,1,0,40.0,134.5,0,56,3,3,0,4,2
320,0,3,1,22.0,7.25,2,18,2,1,1,8,1
321,0,3,1,27.0,7.8958,2,16,2,1,1,8,1
322,1,2,0,30.0,12.35,1,25,1,1,1,8,1
323,1,2,0,22.0,29.0,2,51,3,3,0,8,2
324,0,3,1,17.6246666667,69.55,2,24,2,11,0,8,0
325,1,1,0,36.0,135.6333,0,24,1,1,1,2,1
326,0,3,1,61.0,6.2375,2,25,2,1,1,8,1
327,1,2,0,36.0,13.0,2,23,3,1,1,3,1
328,1,3,0,31.0,20.525,2,46,3,3,0,8,2
329,1,1,0,16.0,57.9792,0,28,1,2,0,1,2
330,1,3,0,5.84262833333,23.25,1,18,1,3,0,8,2
331,0,1,1,45.5,28.5,2,19,2,1,1,2,1
332,0,1,1,38.0,153.4625,2,25,2,2,0,2,2
333,0,3,1,16.0,18.0,2,31,2,3,0,8,2
334,1,1,0,42.5325,133.65,2,50,3,2,0,8,2
335,0,3,1,28.3669140512,7.8958,2,18,2,1,1,8,1
336,0,1,1,29.0,66.6,2,25,2,2,0,2,2
337,1,1,0,41.0,134.5,0,31,1,1,1,4,1
338,1,3,1,45.0,8.05,2,21,2,1,1,8,1
339,0,1,1,45.0,35.5,2,28,2,1,1,7,1
340,1,2,1,2.0,26.0,2,30,0,3,0,5,2
341,1,1,0,24.0,263.0,2,30,1,6,0,2,0
342,0,2,1,28.0,13.0,2,26,2,1,1,8,1
343,0,2,1,25.0,13.0,2,42,2,1,1,8,1
344,0,2,1,36.0,13.0,2,23,2,1,1,8,1
345,1,2,0,24.0,13.0,2,29,1,1,1,5,1
346,1,2,0,40.0,13.0,2,25,1,1,1,8,1
347,1,3,0,32.7191166667,16.1,2,41,3,2,0,8,2
348,1,3,1,3.0,15.9,2,38,0,3,0,8,2
349,0,3,1,42.0,8.6625,2,16,2,1,1,8,1
350,0,3,1,23.0,9.225,2,22,2,1,1,8,1
351,0,1,1,45.3065,35.0,2,38,2,1,1,2,1
352,0,3,1,15.0,7.2292,0,18,2,3,0,8,2
353,0,3,1,25.0,17.8,2,25,2,2,0,8,2
354,0,3,1,36.5342916667,7.225,0,17,2,1,1,8,1
355,0,3,1,28.0,9.5,2,27,2,1,1,8,1
356,1,1,0,22.0,55.0,2,27,1,2,0,4,2
357,0,2,0,38.0,13.0,2,25,1,1,1,8,1
358,1,3,0,23.5565166667,7.8792,1,20,1,1,1,8,1
359,1,3,0,24.007,7.8792,1,33,1,1,1,8,1
360,0,3,1,40.0,27.9,2,18,2,6,0,8,0
361,0,2,1,29.0,27.7208,0,25,2,2,0,8,2
362,0,3,0,45.0,14.4542,0,31,3,2,0,8,2
363,0,3,1,35.0,7.05,2,15,2,1,1,8,1
364,0,3,1,30.0375916667,15.5,1,19,2,2,0,8,2
365,0,3,1,30.0,7.25,2,30,2,1,1,8,1
366,1,1,0,60.0,75.25,0,48,3,2,0,3,2
367,1,3,0,35.9459357143,7.2292,0,30,3,1,1,8,1
368,1,3,0,22.963,7.75,1,19,1,1,1,8,1
369,1,1,0,24.0,69.3,0,29,3,1,1,1,1
370,1,1,1,25.0,55.4417,0,27,2,2,0,4,2
371,0,3,1,18.0,6.4958,2,25,2,2,0,8,2
372,0,3,1,19.0,8.05,2,26,2,1,1,8,1
373,0,1,1,22.0,135.6333,0,19,2,1,1,8,1
374,0,3,0,3.0,21.075,2,26,1,5,0,8,0
375,1,1,0,43.835,82.1708,0,37,3,2,0,8,2
376,1,3,0,22.0,7.25,2,31,1,1,1,8,1
377,0,1,1,27.0,211.5,0,25,2,3,0,2,2
378,0,3,1,20.0,4.0125,0,19,2,1,1,8,1
379,0,3,1,19.0,7.775,2,27,2,1,1,8,1
380,1,1,0,42.0,227.525,0,21,1,1,1,8,1
381,1,3,0,1.0,15.7417,0,27,1,3,0,8,2
382,0,3,1,32.0,7.925,2,18,2,1,1,8,1
383,1,1,0,35.0,52.0,2,51,3,2,0,8,2
384,0,3,1,26.9011761905,7.8958,2,22,2,1,1,8,1
385,0,2,1,18.0,73.5,2,25,2,1,1,8,1
386,0,3,1,1.0,46.9,2,31,0,8,0,8,0
387,1,2,0,36.0,13.0,2,16,1,1,1,8,1
388,0,3,1,37.2430196429,7.7292,1,20,2,1,1,8,1
389,1,2,0,17.0,12.0,0,21,1,1,1,8,1
390,1,1,1,36.0,120.0,2,26,2,4,0,1,2
391,1,3,1,21.0,7.7958,2,22,2,1,1,8,1
392,0,3,1,28.0,7.925,2,28,2,3,0,8,2
393,1,1,0,23.0,113.275,0,22,1,2,0,3,2
394,1,3,0,24.0,16.7,2,51,3,3,0,6,2
395,0,3,1,22.0,7.7958,2,19,2,1,1,8,1
396,0,3,0,31.0,7.8542,2,19,1,1,1,8,1
397,0,2,1,46.0,26.0,2,23,2,1,1,8,1
398,0,2,1,23.0,10.5,2,16,4,1,1,8,1
399,1,2,0,28.0,12.65,2,32,3,1,1,8,1
400,1,3,1,39.0,7.925,2,18,2,1,1,8,1
401,0,3,1,26.0,8.05,2,15,2,1,1,8,1
402,0,3,0,21.0,9.825,2,24,1,2,0,8,2
403,0,3,1,28.0,15.85,2,30,2,2,0,8,2
404,0,3,0,20.0,8.6625,2,23,1,1,1,8,1
405,0,2,1,34.0,21.0,2,18,2,2,0,8,2
406,0,3,1,51.0,7.75,2,32,2,1,1,8,1
407,1,2,1,3.0,18.75,2,30,0,3,0,8,2
408,0,3,1,21.0,7.775,2,33,2,1,1,8,1
409,0,3,0,6.90715,25.4667,2,18,1,5,0,8,0
410,0,3,1,28.3669140512,7.8958,2,18,2,1,1,8,1
411,0,3,1,32.5999375,6.8583,1,15,2,1,1,8,1
412,1,1,0,33.0,90.0,1,22,1,2,0,2,2
413,0,2,1,26.9074916667,0.0,2,30,2,1,1,8,1
414,1,3,1,44.0,7.925,2,25,2,1,1,8,1
415,0,3,0,35.7250083333,8.05,2,39,3,1,1,8,1
416,1,2,0,34.0,32.5,2,47,3,3,0,8,2
417,1,2,0,18.0,13.0,2,29,1,3,0,8,2
418,0,2,1,30.0,13.0,2,26,2,1,1,8,1
419,0,3,0,10.0,24.15,2,25,1,3,0,8,2
420,0,3,1,28.6989940476,7.8958,0,22,2,1,1,8,1
421,0,3,1,21.0,7.7333,1,19,2,1,1,8,1
422,0,3,1,29.0,7.875,2,18,2,1,1,8,1
423,0,3,0,28.0,14.4,2,54,3,3,0,8,2
424,0,3,1,18.0,20.2125,2,27,2,3,0,8,2
425,0,3,1,22.5146,7.25,2,22,2,1,1,8,1
426,1,2,0,28.0,26.0,2,43,3,2,0,8,2
427,1,2,0,19.0,26.0,2,67,1,1,1,8,1
428,0,3,1,54.5953083333,7.75,1,16,2,1,1,8,1
429,1,3,1,32.0,8.05,2,34,2,1,1,4,1
430,1,1,1,28.0,26.55,2,41,2,1,1,2,1
431,1,3,0,27.4657,16.1,2,49,3,2,0,8,2
432,1,2,0,42.0,26.0,2,51,3,2,0,8,2
433,0,3,1,17.0,7.125,2,26,2,1,1,8,1
434,0,1,1,50.0,55.9,2,25,2,2,0,4,2
435,1,1,0,14.0,120.0,2,25,1,4,0,1,2
436,0,3,0,21.0,34.375,2,36,1,5,0,8,0
437,1,2,0,24.0,18.75,2,37,3,6,0,8,0
438,0,1,1,64.0,263.0,2,17,2,6,0,2,0
439,0,2,1,31.0,10.5,2,38,2,1,1,8,1
440,1,2,0,45.0,26.25,2,43,3,3,0,8,2
441,0,3,1,20.0,9.5,2,15,2,1,1,8,1
442,0,3,1,25.0,7.775,2,25,2,2,0,8,2
443,1,2,0,28.0,13.0,2,25,1,1,1,8,1
444,1,3,1,29.06755,8.1125,2,33,2,1,1,8,1
445,1,1,1,4.0,81.8583,2,25,0,3,0,0,2
446,1,2,0,13.0,19.5,2,33,1,2,0,8,2
447,1,1,1,34.0,26.55,2,27,2,1,1,8,1
448,1,3,0,5.0,19.2583,0,30,1,4,0,8,2
449,1,1,1,52.0,30.5,2,30,4,1,1,2,1
450,0,2,1,36.0,27.75,2,21,2,4,0,8,2
451,0,3,1,24.4245,19.9667,2,31,2,2,0,8,2
452,0,1,1,30.0,27.75,0,31,2,1,1,2,1
453,1,1,1,49.0,89.1042,0,24,2,2,0,2,2
454,0,3,1,34.1360654762,8.05,2,19,2,1,1,8,1
455,1,3,1,29.0,7.8958,0,18,2,1,1,8,1
456,0,1,1,65.0,26.55,2,25,2,1,1,4,1
457,1,1,0,42.673,51.8625,2,33,3,2,0,3,2
458,1,2,0,50.0,10.5,2,19,1,1,1,8,1
459,0,3,1,39.9741553571,7.75,1,21,2,1,1,8,1
460,1,1,1,48.0,26.55,2,19,2,1,1,4,1
461,0,3,1,34.0,8.05,2,19,2,1,1,8,1
462,0,1,1,47.0,38.5,2,17,2,1,1,4,1
463,0,2,1,48.0,13.0,2,28,2,1,1,8,1
464,0,3,1,37.5199239268,8.05,2,18,2,1,1,8,1
465,0,3,1,38.0,7.05,2,31,2,1,1,8,1
466,0,2,1,48.4934365079,0.0,2,21,2,1,1,8,1
467,0,1,1,56.0,26.55,2,26,2,1,1,8,1
468,0,3,1,31.142,7.725,1,18,2,1,1,8,1
469,1,3,0,0.75,19.2583,0,29,1,4,0,8,2
470,0,3,1,46.7786,7.25,2,17,2,1,1,8,1
471,0,3,1,38.0,8.6625,2,15,2,1,1,8,1
472,1,2,0,33.0,27.75,2,39,3,4,0,8,2
473,1,2,0,23.0,13.7917,0,44,3,1,1,3,1
474,0,3,0,22.0,9.8375,2,27,1,1,1,8,1
475,0,1,1,37.9665,52.0,2,27,2,1,1,0,1
476,0,2,1,34.0,21.0,2,23,2,2,0,8,2
477,0,3,1,29.0,7.0458,2,25,2,2,0,8,2
478,0,3,1,22.0,7.5208,2,25,2,1,1,8,1
479,1,3,0,2.0,12.2875,2,24,1,2,0,8,2
480,0,3,1,9.0,46.9,2,30,0,8,0,8,0
481,0,2,1,28.590827381,0.0,2,32,2,1,1,8,1
482,0,3,1,50.0,8.05,2,24,2,1,1,8,1
483,1,3,0,63.0,9.5875,2,22,3,1,1,8,1
484,1,1,1,25.0,91.0792,0,23,2,2,0,1,2
485,0,3,0,5.78476357143,25.4667,2,22,1,5,0,8,0
486,1,1,0,35.0,90.0,2,47,3,2,0,2,2
487,0,1,1,58.0,29.7,0,23,2,1,1,1,1
488,0,3,1,30.0,8.05,2,29,2,1,1,8,1
489,1,3,1,9.0,15.9,2,37,0,3,0,8,2
490,0,3,1,27.64325,19.9667,2,36,2,2,0,8,2
491,0,3,1,21.0,7.25,2,19,2,1,1,8,1
492,0,1,1,55.0,30.5,2,26,2,1,1,2,1
493,0,1,1,71.0,49.5042,0,23,2,1,1,8,1
494,0,3,1,21.0,8.05,2,26,2,1,1,8,1
495,0,3,1,26.2530404762,14.4583,0,21,2,1,1,8,1
496,1,1,0,54.0,78.2667,0,30,1,2,0,3,2
497,0,3,1,31.3713511905,15.1,2,31,2,1,1,8,1
498,0,1,0,25.0,151.55,2,47,3,4,0,2,2
499,0,3,1,24.0,7.7958,2,18,2,1,1,8,1
500,0,3,1,17.0,8.6625,2,16,2,1,1,8,1
501,0,3,0,21.0,7.75,1,19,1,1,1,8,1
502,0,3,0,18.44825,7.6292,1,30,1,1,1,8,1
503,0,3,0,37.0,9.5875,2,30,1,1,1,8,1
504,1,1,0,16.0,86.5,2,21,1,1,1,1,1
505,0,1,1,18.0,108.9,0,42,2,2,0,2,2
506,1,2,0,33.0,26.0,2,45,3,3,0,8,2
507,1,1,1,43.6451666667,26.55,2,45,2,1,1,8,1
508,0,3,1,28.0,22.525,2,24,2,1,1,8,1
509,1,3,1,26.0,56.4958,2,14,2,1,1,8,1
510,1,3,1,29.0,7.75,1,24,2,1,1,8,1
511,0,3,1,43.6303999188,8.05,2,17,2,1,1,8,1
512,1,1,1,36.0,26.2875,2,25,2,1,1,4,1
513,1,1,0,54.0,59.4,0,46,3,2,0,8,2
514,0,3,1,24.0,7.4958,2,17,2,1,1,8,1
515,0,1,1,47.0,34.0208,2,28,2,1,1,3,1
516,1,2,0,34.0,10.5,2,28,3,1,1,5,1
517,0,3,1,36.5834333333,24.15,1,17,2,1,1,8,1
518,1,2,0,36.0,26.0,2,52,3,2,0,8,2
519,0,3,1,32.0,7.8958,2,19,2,1,1,8,1
520,1,1,0,30.0,93.5,2,21,1,1,1,1,1
521,0,3,1,22.0,7.8958,2,15,2,1,1,8,1
522,0,3,1,31.0428166667,7.225,0,18,2,1,1,8,1
523,1,1,0,44.0,57.9792,0,47,3,2,0,1,2
524,0,3,1,33.0468916667,7.2292,0,17,2,1,1,8,1
525,0,3,1,40.5,7.75,1,18,2,1,1,8,1
526,1,2,0,50.0,10.5,2,20,1,1,1,8,1
527,0,1,1,37.3545,221.7792,2,18,2,1,1,2,1
528,0,3,1,39.0,7.925,2,25,2,1,1,8,1
529,0,2,1,23.0,11.5,2,27,2,4,0,8,2
530,1,2,0,2.0,26.0,2,24,1,3,0,8,2
531,0,3,1,33.0468916667,7.2292,0,17,2,1,1,8,1
532,0,3,1,17.0,7.2292,0,20,2,3,0,8,2
533,1,3,0,28.4475,22.3583,0,38,3,3,0,8,2
534,0,3,0,30.0,8.6625,2,19,1,1,1,8,1
535,1,2,0,7.0,26.25,2,22,1,3,0,8,2
536,0,1,1,45.0,26.55,2,33,4,1,1,1,1
537,1,1,0,30.0,106.425,0,19,1,1,1,8,1
538,0,3,1,30.6125271825,14.5,2,24,2,1,1,8,1
539,1,1,0,22.0,49.5,0,34,1,3,0,1,2
540,1,1,0,36.0,71.0,2,23,1,3,0,1,2
541,0,3,0,9.0,31.275,2,36,1,7,0,8,0
542,0,3,0,11.0,31.275,2,33,1,7,0,8,0
543,1,2,1,32.0,26.0,2,17,2,2,0,8,2
544,0,1,1,50.0,106.425,0,26,2,2,0,2,2
545,0,1,1,64.0,26.0,2,28,2,1,1,8,1
546,1,2,0,19.0,26.0,2,33,3,2,0,8,2
547,1,2,1,34.7499345238,13.8625,0,26,2,1,1,8,1
548,0,3,1,33.0,20.525,2,25,2,3,0,8,2
549,1,2,1,8.0,36.75,2,30,0,3,0,8,2
550,1,1,1,17.0,110.8833,0,27,2,3,0,2,2
551,0,2,1,27.0,26.0,2,27,2,1,1,8,1
552,0,3,1,33.4856113095,7.8292,1,20,2,1,1,8,1
553,1,3,1,22.0,7.225,0,33,2,1,1,8,1
554,1,3,0,22.0,7.775,2,18,1,1,1,8,1
555,0,1,1,62.0,26.55,2,18,2,1,1,8,1
556,1,1,0,48.0,39.6,0,65,4,2,0,0,2
557,0,1,1,28.50325,227.525,0,19,2,1,1,8,1
558,1,1,0,39.0,79.65,2,38,3,3,0,4,2
559,1,3,0,36.0,17.4,2,44,3,2,0,8,2
560,0,3,1,30.4931672619,7.75,1,24,2,1,1,8,1
561,0,3,1,40.0,7.8958,2,17,2,1,1,8,1
562,0,2,1,28.0,13.5,2,26,2,1,1,8,1
563,0,3,1,43.6303999188,8.05,2,17,2,1,1,8,1
564,0,3,0,26.8231766667,8.05,2,30,1,1,1,8,1
565,0,3,1,24.0,24.15,2,20,2,3,0,8,2
566,0,3,1,19.0,7.8958,2,20,2,1,1,8,1
567,0,3,0,29.0,21.075,2,43,3,5,0,8,0
568,0,3,1,26.8813047619,7.2292,0,19,2,1,1,8,1
569,1,3,1,32.0,7.8542,2,17,2,1,1,8,1
570,1,2,1,62.0,10.5,2,18,2,1,1,8,1
571,1,1,0,53.0,51.4792,2,45,3,3,0,2,2
572,1,1,1,36.0,26.3875,2,32,2,1,1,4,1
573,1,3,0,26.54475,7.75,1,17,1,1,1,8,1
574,0,3,1,16.0,8.05,2,28,2,1,1,8,1
575,0,3,1,19.0,14.5,2,20,2,1,1,8,1
576,1,2,0,34.0,13.0,2,20,1,1,1,8,1
577,1,1,0,39.0,55.9,2,41,3,2,0,4,2
578,0,3,0,35.653,14.4583,0,32,3,2,0,8,2
579,1,3,1,32.0,7.925,2,19,2,1,1,8,1
580,1,2,0,25.0,30.0,2,27,1,3,0,8,2
581,1,1,0,39.0,110.8833,0,52,3,3,0,2,2
582,0,2,1,54.0,26.0,2,26,2,1,1,8,1
583,0,1,1,36.0,40.125,0,19,2,1,1,0,1
584,0,3,1,29.1034678571,8.7125,0,19,2,1,1,8,1
585,1,1,0,18.0,79.65,2,19,1,3,0,4,2
586,0,2,1,47.0,15.0,2,23,2,1,1,8,1
587,1,1,1,60.0,79.2,0,32,2,3,0,1,2
588,0,3,1,22.0,8.05,2,21,2,1,1,8,1
589,0,3,1,34.1360654762,8.05,2,19,2,1,1,8,1
590,0,3,1,35.0,7.125,2,20,2,1,1,8,1
591,1,1,0,52.0,78.2667,0,47,3,2,0,3,2
592,0,3,1,47.0,7.25,2,26,2,1,1,8,1
593,0,3,0,12.884,7.75,1,18,1,3,0,8,2
594,0,2,1,37.0,26.0,2,23,2,2,0,8,2
595,0,3,1,36.0,24.15,2,27,2,3,0,8,2
596,1,2,0,34.6052948413,33.0,2,26,1,1,1,8,1
597,0,3,1,49.0,0.0,2,19,2,1,1,8,1
598,0,3,1,36.5342916667,7.225,0,17,2,1,1,8,1
599,1,1,1,49.0,56.9292,0,44,4,2,0,0,2
600,1,2,0,24.0,27.0,2,51,3,4,0,8,2
601,0,3,1,20.5616672619,7.8958,2,20,2,1,1,8,1
602,0,1,1,42.6628333333,42.4,2,25,2,1,1,8,1
603,0,3,1,44.0,8.05,2,25,2,1,1,8,1
604,1,1,1,35.0,26.55,0,31,2,1,1,8,1
605,0,3,1,36.0,15.55,2,29,2,2,0,8,2
606,0,3,1,30.0,7.8958,2,17,2,1,1,8,1
607,1,1,1,27.0,30.5,2,27,2,1,1,8,1
608,1,2,0,22.0,41.5792,0,53,3,4,0,8,2
609,1,1,0,40.0,153.4625,2,25,1,1,1,2,1
610,0,3,0,39.0,31.275,2,57,3,7,0,8,0
611,0,3,1,28.0625166667,7.05,2,21,2,1,1,8,1
612,1,3,0,13.588585,15.5,1,27,1,2,0,8,2
613,0,3,1,54.5953083333,7.75,1,16,2,1,1,8,1
614,0,3,1,35.0,8.05,2,31,2,1,1,8,1
615,1,2,0,24.0,65.0,2,19,1,4,0,8,2
616,0,3,1,34.0,14.4,2,25,2,3,0,8,2
617,0,3,0,26.0,16.1,2,47,3,2,0,8,2
618,1,2,0,4.0,39.0,2,27,1,4,0,5,2
619,0,2,1,26.0,10.5,2,19,2,1,1,8,1
620,0,3,1,27.0,14.4542,0,19,2,2,0,8,2
621,1,1,1,42.0,52.5542,2,28,2,2,0,3,2
622,1,3,1,20.0,15.7417,0,16,2,3,0,8,2
623,0,3,1,21.0,7.8542,2,27,2,1,1,8,1
624,0,3,1,21.0,16.1,2,27,2,1,1,8,1
625,0,1,1,61.0,32.3208,2,21,2,1,1,3,1
626,0,2,1,57.0,12.35,1,30,4,1,1,8,1
627,1,1,0,21.0,77.9583,2,29,1,1,1,3,1
628,0,3,1,26.0,7.8958,2,25,2,1,1,8,1
629,0,3,1,27.9294339286,7.7333,1,24,2,1,1,8,1
630,1,1,1,80.0,30.0,2,36,2,1,1,0,1
631,0,3,1,51.0,7.0542,2,27,2,1,1,8,1
632,1,1,1,32.0,30.5,0,25,4,1,1,1,1
633,0,1,1,47.4593333333,0.0,2,29,2,1,1,8,1
634,0,3,0,9.0,27.9,2,18,1,6,0,8,0
635,1,2,0,28.0,13.0,2,17,1,1,1,8,1
636,0,3,1,32.0,7.925,2,26,2,1,1,8,1
637,0,2,1,31.0,26.25,2,19,2,3,0,8,2
638,0,3,0,41.0,39.6875,2,38,3,6,0,8,0
639,0,3,1,30.4080125,16.1,2,26,2,2,0,8,2
640,0,3,1,20.0,7.8542,2,22,2,1,1,8,1
641,1,1,0,24.0,69.3,0,20,1,1,1,1,1
642,0,3,0,2.0,27.9,2,29,1,6,0,8,0
643,1,3,1,30.2342071429,56.4958,2,15,2,1,1,8,1
644,1,3,0,0.75,19.2583,0,22,1,4,0,8,2
645,1,1,1,48.0,76.7292,0,25,2,2,0,3,2
646,0,3,1,19.0,7.8958,2,17,2,1,1,8,1
647,1,1,1,56.0,35.5,0,35,4,1,1,0,1
648,0,3,1,33.4248333333,7.55,2,18,2,1,1,8,1
649,1,3,0,23.0,7.55,2,31,1,1,1,8,1
650,0,3,1,28.8062688492,7.8958,2,17,2,1,1,8,1
651,1,2,0,18.0,23.0,2,19,1,2,0,8,2
652,0,3,1,21.0,8.4333,2,30,2,1,1,8,1
653,1,3,0,18.3525,7.8292,1,29,1,1,1,8,1
654,0,3,0,18.0,6.75,1,28,1,1,1,8,1
655,0,2,1,24.0,73.5,2,25,2,3,0,8,2
656,0,3,1,26.0273142857,7.8958,2,21,2,1,1,8,1
657,0,3,0,32.0,15.5,1,29,3,3,0,8,2
658,0,2,1,23.0,13.0,2,28,2,1,1,8,1
659,0,1,1,58.0,113.275,0,26,2,3,0,3,2
660,1,1,1,50.0,133.65,2,29,4,3,0,8,2
661,0,3,1,40.0,7.225,0,17,2,1,1,8,1
662,0,1,1,47.0,25.5875,2,26,2,1,1,4,1
663,0,3,1,36.0,7.4958,2,16,2,1,1,8,1
664,1,3,1,20.0,7.925,2,27,2,2,0,8,2
665,0,2,1,32.0,73.5,2,18,2,3,0,8,2
666,0,2,1,25.0,13.0,2,27,2,1,1,8,1
667,0,3,1,26.0462541667,7.775,2,26,2,1,1,8,1
668,0,3,1,43.0,8.05,2,15,2,1,1,8,1
669,1,1,0,42.024,52.0,2,49,3,2,0,2,2
670,1,2,0,40.0,39.0,2,61,3,3,0,8,2
671,0,1,1,31.0,52.0,2,22,2,2,0,1,2
672,0,2,1,70.0,10.5,2,27,2,1,1,8,1
673,1,2,1,31.0,13.0,2,21,2,1,1,8,1
674,0,2,1,33.8652698413,0.0,2,26,2,1,1,8,1
675,0,3,1,18.0,7.775,2,30,2,1,1,8,1
676,0,3,1,24.5,8.05,2,29,2,1,1,8,1
677,1,3,0,18.0,9.8417,2,23,1,1,1,8,1
678,0,3,0,43.0,46.9,2,39,3,8,0,8,0
679,1,1,1,36.0,512.3292,0,34,2,2,0,1,2
680,0,3,0,24.563902381,8.1375,1,19,1,1,1,8,1
681,1,1,1,27.0,76.7292,0,18,2,1,1,3,1
682,0,3,1,20.0,9.225,2,27,2,1,1,8,1
683,0,3,1,14.0,46.9,2,27,2,8,0,8,0
684,0,2,1,60.0,39.0,2,33,2,3,0,8,2
685,0,2,1,25.0,41.5792,0,38,2,4,0,8,2
686,0,3,1,14.0,39.6875,2,24,2,6,0,8,0
687,0,3,1,19.0,10.1708,2,17,2,1,1,8,1
688,0,3,1,18.0,7.7958,2,31,2,1,1,8,1
689,1,1,0,15.0,211.3375,2,33,1,2,0,1,2
690,1,1,1,31.0,57.0,2,23,2,2,0,1,2
691,1,3,0,4.0,13.4167,0,18,1,2,0,8,2
692,1,3,1,29.7036690476,56.4958,2,12,2,1,1,8,1
693,0,3,1,25.0,7.225,0,16,2,1,1,8,1
694,0,1,1,60.0,26.55,2,15,4,1,1,8,1
695,0,2,1,52.0,13.5,2,26,2,1,1,8,1
696,0,3,1,44.0,8.05,2,16,2,1,1,8,1
697,1,3,0,17.337,7.7333,1,32,1,1,1,8,1
698,0,1,1,49.0,110.8833,0,24,2,3,0,2,2
699,0,3,1,42.0,7.65,2,40,2,1,1,5,1
700,1,1,0,18.0,227.525,0,49,3,2,0,2,2
701,1,1,1,35.0,26.2875,2,32,2,1,1,4,1
702,0,3,0,18.0,14.4542,0,21,1,2,0,8,2
703,0,3,1,25.0,7.7417,1,21,2,1,1,8,1
704,0,3,1,26.0,7.8542,2,23,2,2,0,8,2
705,0,2,1,39.0,26.0,2,46,2,1,1,8,1
706,1,2,0,45.0,13.5,2,29,3,1,1,8,1
707,1,1,1,42.0,26.2875,2,33,2,1,1,4,1
708,1,1,0,22.0,151.55,2,20,1,1,1,8,1
709,1,3,1,6.783655,15.2458,0,49,0,3,0,8,2
710,1,1,0,24.0,49.5042,0,48,1,1,1,2,1
711,0,1,1,49.9385,26.55,2,18,2,1,1,2,1
712,1,1,1,48.0,52.0,2,24,2,2,0,2,2
713,0,3,1,29.0,9.4833,2,26,2,1,1,8,1
714,0,2,1,52.0,13.0,2,21,2,1,1,8,1
715,0,3,1,19.0,7.65,2,42,2,1,1,5,1
716,1,1,0,38.0,227.525,0,29,1,1,1,2,1
717,1,2,0,27.0,10.5,2,35,1,1,1,4,1
718,0,3,1,28.8279,15.5,1,19,2,1,1,8,1
719,0,3,1,33.0,7.775,2,28,2,1,1,8,1
720,1,2,0,6.0,33.0,2,33,1,2,0,8,2
721,0,3,1,17.0,7.0542,2,25,2,2,0,8,2
722,0,2,1,34.0,13.0,2,28,2,1,1,8,1
723,0,2,1,50.0,13.0,2,23,2,1,1,8,1
724,1,1,1,27.0,53.1,2,29,2,2,0,4,2
725,0,3,1,20.0,8.6625,2,19,2,1,1,8,1
726,1,2,0,30.0,21.0,2,43,3,4,0,8,2
727,1,3,0,17.6095,7.7375,1,24,1,1,1,8,1
728,0,2,1,25.0,26.0,2,31,2,2,0,8,2
729,0,3,0,25.0,7.925,2,29,1,2,0,8,2
730,1,1,0,29.0,211.3375,2,29,1,1,1,1,1
731,0,3,1,11.0,18.7875,0,24,2,1,1,8,1
732,0,2,1,40.9488049603,0.0,2,20,2,1,1,8,1
733,0,2,1,23.0,13.0,2,26,2,1,1,8,1
734,0,2,1,23.0,13.0,2,28,2,1,1,8,1
735,0,3,1,28.5,16.1,2,20,2,1,1,8,1
736,0,3,0,48.0,34.375,2,39,3,5,0,8,0
737,1,1,1,35.0,512.3292,0,22,2,1,1,1,1
738,0,3,1,28.3669140512,7.8958,2,18,2,1,1,8,1
739,0,3,1,28.3669140512,7.8958,2,18,2,1,1,8,1
740,1,1,1,39.19975,30.0,2,27,2,1,1,3,1
741,0,1,1,36.0,78.85,2,29,2,2,0,2,2
742,1,1,0,21.0,262.375,0,37,1,5,0,1,0
743,0,3,1,24.0,16.1,2,17,2,2,0,8,2
744,1,3,1,31.0,7.925,2,18,2,1,1,8,1
745,0,1,1,70.0,71.0,2,28,4,3,0,1,2
746,0,3,1,16.0,20.25,2,27,2,3,0,8,2
747,1,2,0,30.0,13.0,2,21,1,1,1,8,1
748,0,1,1,19.0,53.1,2,25,2,2,0,3,2
749,0,3,1,31.0,7.75,1,23,2,1,1,8,1
750,1,2,0,4.0,23.0,2,17,1,3,0,8,2
751,1,3,1,6.0,12.475,2,19,0,2,0,4,2
752,0,3,1,33.0,9.5,2,32,2,1,1,8,1
753,0,3,1,23.0,7.8958,2,18,2,1,1,8,1
754,1,2,0,48.0,65.0,2,32,3,4,0,8,2
755,1,2,1,0.67,14.5,2,25,0,3,0,8,2
756,0,3,1,28.0,7.7958,2,28,2,1,1,8,1
757,0,2,1,18.0,11.5,2,24,2,1,1,8,1
758,0,3,1,34.0,8.05,2,28,2,1,1,8,1
759,1,1,0,33.0,86.5,2,56,4,1,1,1,1
760,0,3,1,25.4857744048,14.5,2,18,2,1,1,8,1
761,0,3,1,41.0,7.125,2,30,2,1,1,8,1
762,1,3,1,20.0,7.2292,0,21,2,1,1,8,1
763,1,1,0,36.0,120.0,2,41,3,4,0,1,2
764,0,3,1,16.0,7.775,2,22,2,1,1,8,1
765,1,1,0,51.0,77.9583,2,36,3,2,0,3,2
766,0,1,1,46.6373333333,39.6,0,25,4,1,1,8,1
767,0,3,0,30.5,7.75,1,18,1,1,1,8,1
768,0,3,1,29.61325,24.15,1,19,2,2,0,8,2
769,0,3,1,32.0,8.3625,2,32,2,1,1,8,1
770,0,3,1,24.0,9.5,2,22,2,1,1,8,1
771,0,3,1,48.0,7.8542,2,23,2,1,1,8,1
772,0,2,0,57.0,10.5,2,17,3,1,1,4,1
773,0,3,1,31.3890083333,7.225,0,15,2,1,1,8,1
774,1,2,0,54.0,23.0,2,37,3,5,0,8,0
775,0,3,1,18.0,7.75,2,39,2,1,1,8,1
776,0,3,1,54.5983083333,7.75,1,16,2,1,1,5,1
777,1,3,0,5.0,12.475,2,29,1,1,1,8,1
778,0,3,1,29.4627666667,7.7375,1,23,2,1,1,8,1
779,1,1,0,43.0,211.3375,2,53,3,2,0,1,2
780,1,3,0,13.0,7.2292,0,20,1,1,1,8,1
781,1,1,0,17.0,57.0,2,41,3,2,0,1,2
782,0,1,1,29.0,30.0,2,22,2,1,1,3,1
783,0,3,1,26.74645,23.45,2,22,2,4,0,8,2
784,0,3,1,25.0,7.05,2,16,2,1,1,8,1
785,0,3,1,25.0,7.25,2,34,2,1,1,8,1
786,1,3,0,18.0,7.4958,2,25,1,1,1,8,1
787,0,3,1,8.0,29.125,1,25,0,6,0,8,0
788,1,3,1,1.0,20.575,2,26,0,4,0,8,2
789,0,1,1,46.0,79.2,0,24,2,1,1,1,1
790,0,3,1,30.4931672619,7.75,1,24,2,1,1,8,1
791,0,2,1,16.0,26.0,2,19,2,1,1,8,1
792,0,3,0,21.1313166667,69.55,2,23,1,11,0,8,0
793,0,1,1,46.0605,30.6958,0,24,2,1,1,8,1
794,0,3,1,25.0,7.8958,2,21,2,1,1,8,1
795,0,2,1,39.0,13.0,2,18,2,1,1,8,1
796,1,1,0,49.0,25.9292,2,27,4,1,1,3,1
797,1,3,0,31.0,8.6833,2,16,3,1,1,8,1
798,0,3,1,30.0,7.2292,0,28,2,1,1,8,1
799,0,3,0,30.0,24.15,2,52,3,3,0,8,2
800,0,2,1,34.0,13.0,2,20,2,1,1,8,1
801,1,2,0,31.0,26.25,2,43,3,3,0,8,2
802,1,1,1,11.0,120.0,2,35,0,4,0,1,2
803,1,3,1,0.42,8.5167,0,31,0,2,0,8,2
804,1,3,1,27.0,6.975,2,23,2,1,1,8,1
805,0,3,1,31.0,7.775,2,25,2,1,1,8,1
806,0,1,1,39.0,0.0,2,22,2,1,1,0,1
807,0,3,0,18.0,7.775,2,31,1,1,1,8,1
808,0,2,1,39.0,13.0,2,17,2,1,1,8,1
809,1,1,0,33.0,53.1,2,46,3,2,0,4,2
810,0,3,1,26.0,7.8875,2,22,2,1,1,8,1
811,0,3,1,39.0,24.15,2,17,2,1,1,8,1
812,0,2,1,35.0,10.5,2,25,2,1,1,8,1
813,0,3,0,6.0,31.275,2,34,1,7,0,8,0
814,0,3,1,30.5,8.05,2,26,2,1,1,8,1
815,0,1,1,44.4748083333,0.0,2,16,2,1,1,1,1
816,0,3,0,23.0,7.925,2,28,1,1,1,8,1
817,0,2,1,31.0,37.0042,0,18,2,3,0,8,2
818,0,3,1,43.0,6.45,2,32,2,1,1,8,1
819,0,3,1,10.0,27.9,2,28,0,6,0,8,0
820,1,1,0,52.0,93.5,2,50,3,3,0,1,2
821,1,3,1,27.0,8.6625,2,17,2,1,1,8,1
822,0,1,1,38.0,0.0,2,31,4,1,1,8,1
823,1,3,0,27.0,12.475,2,18,3,2,0,4,2
824,0,3,1,2.0,39.6875,2,28,0,6,0,8,0
825,0,3,1,34.3819375,6.95,1,15,2,1,1,8,1
826,0,3,1,29.7036690476,56.4958,2,12,2,1,1,8,1
827,1,2,1,1.0,37.0042,0,21,0,3,0,8,2
828,1,3,1,32.26585,7.75,1,28,2,1,1,8,1
829,1,1,0,62.0,80.0,2,41,3,1,1,1,1
830,1,3,0,15.0,14.4542,0,39,3,2,0,8,2
831,1,2,1,0.83,18.75,2,31,0,3,0,8,2
832,0,3,1,28.8061184524,7.2292,0,14,2,1,1,8,1
833,0,3,1,23.0,7.8542,2,22,2,1,1,8,1
834,0,3,1,18.0,8.3,2,22,2,1,1,8,1
835,1,1,0,39.0,83.1583,0,27,1,3,0,4,2
836,0,3,1,21.0,8.6625,2,16,2,1,1,8,1
837,0,3,1,34.1360654762,8.05,2,19,2,1,1,8,1
838,1,3,1,32.0,56.4958,2,15,2,1,1,8,1
839,1,1,1,38.4935,29.7,0,20,2,1,1,2,1
840,0,3,1,20.0,7.925,2,27,2,1,1,8,1
841,0,2,1,16.0,10.5,2,24,2,1,1,8,1
842,1,1,0,30.0,31.0,0,23,1,1,1,8,1
843,0,3,1,34.5,6.4375,0,26,2,1,1,8,1
844,0,3,1,17.0,8.6625,2,19,2,1,1,8,1
845,0,3,1,42.0,7.55,2,19,2,1,1,8,1
846,0,3,1,17.6246666667,69.55,2,24,2,11,0,8,0
847,0,3,1,35.0,7.8958,0,18,2,1,1,8,1
848,0,2,1,28.0,33.0,2,17,4,2,0,8,2
849,1,1,0,39.964,89.1042,0,44,3,2,0,2,2
850,0,3,1,4.0,31.275,2,39,0,7,0,8,0
851,0,3,1,74.0,7.775,2,19,2,1,1,8,1
852,0,3,0,9.0,15.2458,0,23,1,3,0,8,2
853,1,1,0,16.0,39.4,2,25,1,2,0,3,2
854,0,2,0,44.0,26.0,2,45,3,2,0,8,2
855,1,3,0,18.0,9.35,2,26,3,2,0,8,2
856,1,1,0,45.0,164.8667,2,42,3,3,0,8,2
857,1,1,1,51.0,26.55,2,22,2,1,1,4,1
858,1,3,0,24.0,19.2583,0,37,3,4,0,8,2
859,0,3,1,29.1952291667,7.2292,0,16,2,1,1,8,1
860,0,3,1,41.0,14.1083,2,23,2,3,0,8,2
861,0,2,1,21.0,11.5,2,27,2,2,0,8,2
862,1,1,0,48.0,25.9292,2,51,3,1,1,3,1
863,0,3,0,21.038905,69.55,2,33,1,11,0,8,0
864,0,2,1,24.0,13.0,2,22,2,1,1,8,1
865,1,2,0,42.0,13.0,2,24,3,1,1,8,1
866,1,2,0,27.0,13.8583,0,28,1,2,0,8,2
867,0,1,1,31.0,50.4958,2,36,2,1,1,0,1
868,0,3,1,28.0807357143,9.5,2,27,2,1,1,8,1
869,1,3,1,4.0,11.1333,2,31,0,3,0,8,2
870,0,3,1,26.0,7.8958,2,17,2,1,1,8,1
871,1,1,0,47.0,52.5542,2,48,3,3,0,3,2
872,0,1,1,33.0,5.0,2,24,2,1,1,1,1
873,0,3,1,47.0,9.0,2,27,2,1,1,8,1
874,1,2,0,28.0,24.0,0,37,3,2,0,8,2
875,1,3,0,15.0,7.225,0,32,1,1,1,8,1
876,0,3,1,20.0,9.8458,2,29,2,1,1,8,1
877,0,3,1,19.0,7.8958,2,20,2,1,1,8,1
878,0,3,1,28.3669140512,7.8958,2,18,2,1,1,8,1
879,1,1,0,56.0,83.1583,0,45,3,2,0,2,2
880,1,2,0,25.0,26.0,2,44,3,2,0,8,2
881,0,3,1,33.0,7.8958,2,18,2,1,1,8,1
882,0,3,0,22.0,10.5167,2,28,1,1,1,8,1
883,0,2,1,28.0,10.5,2,29,2,1,1,8,1
884,0,3,1,25.0,7.05,2,22,2,1,1,8,1
885,0,3,0,39.0,29.125,1,36,3,6,0,8,0
886,0,2,1,27.0,13.0,2,21,4,1,1,8,1
887,1,1,0,19.0,30.0,2,28,1,1,1,1,1
888,0,3,0,7.49930714286,23.45,2,40,1,4,0,8,2
889,1,1,1,26.0,30.0,0,21,2,1,1,2,1
890,0,3,1,32.0,7.75,1,19,2,1,1,8,1
